{"cameraMode":{"drawMode":0,"name":"Shaded","section":"Shading Mode"},"sceneLighting":true,"audioPlay":false,"sceneViewState":{"m_AlwaysRefresh":true,"showFog":true,"showSkybox":true,"showFlares":true,"showImageEffects":true,"showParticleSystems":true,"showVisualEffectGraphs":true,"m_FxEnabled":true},"in2DMode":false,"pivot":{"x":-0.6327390074729919,"y":2.1485702991485597,"z":10.440816879272461},"rotation":{"x":0.06918617337942124,"y":-0.6889176964759827,"z":0.06634024530649185,"w":0.7184765338897705},"size":12.12435531616211,"orthographic":false}